<?xml version="1.0" encoding="UTF-8"?>
<doctrine-mapping xmlns="http://doctrine-project.org/schemas/orm/doctrine-mapping"
                  xmlns:gedmo="http://gediminasm.org/schemas/orm/doctrine-extensions-mapping"
                  xmlns:xsi="http://www.w3.org/2001/XMLSchema-instance"
                  xsi:schemaLocation="http://doctrine-project.org/schemas/orm/doctrine-mapping
                  http://doctrine-project.org/schemas/orm/doctrine-mapping.xsd">

    <entity name="Pasinter\AdManagerBundle\Entity\Ad" table="admanager__ads"
            repository-class="Pasinter\AdManagerBundle\Repository\AdRepository">
        <id name="id" column="id" type="integer">
            <generator strategy="AUTO" />
        </id>
        
        <field name="title" column="title" type="string" nullable="true" />
        <field name="link" column="link" type="string" nullable="true" />
        <field name="newWindow" column="new_window" type="boolean" default="false" />
        
        <many-to-one field="campaign" target-entity="Campaign">
            <join-column name="campaign_id" referenced-column-name="id" />
        </many-to-one>
        
        <many-to-one field="image" target-entity="Application\Sonata\MediaBundle\Entity\Media" nullable="true">
            <join-column name="image_id" referenced-column-name="id" />
        </many-to-one>
        
        <field name="position" type="integer" default="0">
            <gedmo:sortable-position/>
        </field>
        
        <field name="createdAt" column="created_at" type="datetime">
            <gedmo:timestampable on="create"/>
        </field>
        
        <field name="updatedAt" column="updated_at" type="datetime" nullable="true">
            <gedmo:timestampable on="update"/>
        </field>

    </entity>

</doctrine-mapping>