<?xml version="1.0" encoding="UTF-8"?>
<doctrine-mapping xmlns="http://doctrine-project.org/schemas/orm/doctrine-mapping"
                  xmlns:gedmo="http://gediminasm.org/schemas/orm/doctrine-extensions-mapping"
                  xmlns:xsi="http://www.w3.org/2001/XMLSchema-instance"
                  xsi:schemaLocation="http://doctrine-project.org/schemas/orm/doctrine-mapping
                  http://doctrine-project.org/schemas/orm/doctrine-mapping.xsd">

    <entity name="Pasinter\AdManagerBundle\Entity\Campaign" table="admanager__campaigns"
            repository-class="Pasinter\AdManagerBundle\Repository\CampaignRepository">
        <id name="id" column="id" type="integer">
            <generator strategy="AUTO" />
        </id>
        
        <field name="code" column="code" type="string" unique="true" />
        <field name="description" column="description" type="string" nullable="true" />
        
        <one-to-many field="ads" target-entity="Pasinter\AdManagerBundle\Entity\Ad" mapped-by="campaign">
            <cascade>
                <cascade-persist/>
            </cascade>
        </one-to-many>
        
        <field name="createdAt" column="created_at" type="datetime">
            <gedmo:timestampable on="create"/>
        </field>
        
        <field name="updatedAt" column="updated_at" type="datetime" nullable="true">
            <gedmo:timestampable on="update"/>
        </field>

    </entity>

</doctrine-mapping>