<?xml version="1.0" encoding="UTF-8"?>
<doctrine-mapping xmlns="http://doctrine-project.org/schemas/orm/doctrine-mapping"
                  xmlns:gedmo="http://gediminasm.org/schemas/orm/doctrine-extensions-mapping"
                  xmlns:xsi="http://www.w3.org/2001/XMLSchema-instance"
                  xsi:schemaLocation="http://doctrine-project.org/schemas/orm/doctrine-mapping
                  http://doctrine-project.org/schemas/orm/doctrine-mapping.xsd">

    <entity name="Pasinter\AdManagerBundle\Entity\Interaction" table="admanager__interactions"
            repository-class="Pasinter\AdManagerBundle\Repository\InteractionRepository">
        <id name="id" column="id" type="integer">
            <generator strategy="AUTO" />
        </id>
        
        <field name="code" column="code" type="string" />
        <field name="group" column="group" type="string" />
        
        <field name="pageId" column="page_id" type="string" nullable="true" />
        <field name="pageType" column="page_type" type="string" nullable="true" />
        
        <field name="userId" column="user_id" type="integer" nullable="true" />
        <field name="userIp" column="user_ip" type="string" length="100" nullable="true" />
        <field name="createdAt" column="created_at" type="datetime">
            <gedmo:timestampable on="create"/>
        </field>
        
        <field name="updatedAt" column="updated_at" type="datetime" nullable="true">
            <gedmo:timestampable on="update"/>
        </field>

    </entity>

</doctrine-mapping>